{
    "0": 512.0,
    "1": 490.6326923076923,
    "2": 459.9673076923077,
    "3": 418.7923076923077,
    "4": 363.0153846153846,
    "5": 320.4307692307692,
    "6": 282.92115384615386,
    "7": 258.42115384615386,
    "8": 219.78269230769232,
    "9": 188.24423076923077,
    "10": 156.11923076923077,
    "11": 143.42307692307693
}