{
    "0": 512.0,
    "1": 512.0,
    "2": 506.7692307692308,
    "3": 506.7692307692308,
    "4": 471.775,
    "5": 471.775,
    "6": 429.99807692307695,
    "7": 429.99807692307695,
    "8": 401.2423076923077,
    "9": 401.2423076923077,
    "10": 371.15384615384613,
    "11": 371.15384615384613
}