{
    "0": 512.0,
    "1": 496.30384615384617,
    "2": 496.30384615384617,
    "3": 453.54615384615386,
    "4": 453.54615384615386,
    "5": 436.37692307692305,
    "6": 436.37692307692305,
    "7": 424.1403846153846,
    "8": 424.1403846153846,
    "9": 402.9923076923077,
    "10": 402.9923076923077,
    "11": 344.9153846153846
}