{
    "0": 512.0,
    "1": 512.0,
    "2": 471.6442307692308,
    "3": 471.6442307692308,
    "4": 414.8,
    "5": 414.8,
    "6": 393.74807692307695,
    "7": 393.74807692307695,
    "8": 354.2288461538462,
    "9": 354.2288461538462,
    "10": 319.7365384615385,
    "11": 319.7365384615385
}