{
    "0": 512.0,
    "1": 434.1519230769231,
    "2": 408.8269230769231,
    "3": 390.525,
    "4": 356.40576923076924,
    "5": 313.58076923076925,
    "6": 275.45,
    "7": 219.60961538461538,
    "8": 173.89615384615385,
    "9": 131.06153846153848,
    "10": 104.92884615384615,
    "11": 81.61923076923077
}