{
    "0": 512.0,
    "1": 434.775,
    "2": 434.775,
    "3": 411.9096153846154,
    "4": 411.9096153846154,
    "5": 369.04423076923075,
    "6": 369.04423076923075,
    "7": 350.5576923076923,
    "8": 350.5576923076923,
    "9": 328.1442307692308,
    "10": 328.1442307692308,
    "11": 294.0076923076923
}