{
    "0": 511.39766081871346,
    "1": 431.16959064327483,
    "2": 431.16959064327483,
    "3": 407.65497076023394,
    "4": 407.65497076023394,
    "5": 336.1198830409357,
    "6": 336.1198830409357,
    "7": 315.01169590643275,
    "8": 315.01169590643275,
    "9": 288.5029239766082,
    "10": 288.5029239766082,
    "11": 286.10818713450294
}