{
    "0": 511.39766081871346,
    "1": 511.39766081871346,
    "2": 511.39766081871346,
    "3": 511.39766081871346,
    "4": 511.39766081871346,
    "5": 511.39766081871346,
    "6": 511.39766081871346,
    "7": 511.39766081871346,
    "8": 511.39766081871346,
    "9": 511.39766081871346,
    "10": 511.39766081871346,
    "11": 511.39766081871346
}