{
    "0": 511.39766081871346,
    "1": 511.39766081871346,
    "2": 421.1842105263158,
    "3": 421.1842105263158,
    "4": 420.233918128655,
    "5": 420.233918128655,
    "6": 344.9766081871345,
    "7": 344.9766081871345,
    "8": 342.27777777777777,
    "9": 342.27777777777777,
    "10": 294.49415204678365,
    "11": 294.49415204678365
}