{
    "0": 511.39766081871346,
    "1": 435.91812865497076,
    "2": 381.77777777777777,
    "3": 296.8801169590643,
    "4": 241.78362573099415,
    "5": 203.33625730994152,
    "6": 182.6783625730994,
    "7": 174.37426900584796,
    "8": 165.45029239766083,
    "9": 164.14912280701753,
    "10": 162.93859649122808,
    "11": 162.67251461988303
}