{
    "0": 511.39766081871346,
    "1": 511.39766081871346,
    "2": 432.140350877193,
    "3": 432.140350877193,
    "4": 428.7046783625731,
    "5": 428.7046783625731,
    "6": 346.07894736842104,
    "7": 346.07894736842104,
    "8": 340.10233918128654,
    "9": 340.10233918128654,
    "10": 271.60233918128654,
    "11": 271.60233918128654
}