{
    "0": 511.39766081871346,
    "1": 409.3362573099415,
    "2": 334.10233918128654,
    "3": 260.92105263157896,
    "4": 224.10526315789474,
    "5": 193.23976608187135,
    "6": 178.7485380116959,
    "7": 163.89766081871346,
    "8": 136.69298245614036,
    "9": 114.18713450292398,
    "10": 110.34210526315789,
    "11": 107.91520467836257
}