{
    "0": 511.39766081871346,
    "1": 419.2397660818713,
    "2": 419.2397660818713,
    "3": 406.12280701754383,
    "4": 406.12280701754383,
    "5": 338.4122807017544,
    "6": 338.4122807017544,
    "7": 310.6637426900585,
    "8": 310.6637426900585,
    "9": 262.733918128655,
    "10": 262.733918128655,
    "11": 244.19005847953215
}