{
    "0": 512.0,
    "1": 409.9923076923077,
    "2": 376.7576923076923,
    "3": 360.33076923076925,
    "4": 336.6923076923077,
    "5": 314.84423076923076,
    "6": 284.2269230769231,
    "7": 235.74615384615385,
    "8": 204.01538461538462,
    "9": 170.14615384615385,
    "10": 137.81730769230768,
    "11": 101.56346153846154
}