{
    "0": 512.0,
    "1": 512.0,
    "2": 439.6519230769231,
    "3": 439.6519230769231,
    "4": 374.92692307692306,
    "5": 374.92692307692306,
    "6": 358.9230769230769,
    "7": 358.9230769230769,
    "8": 331.88461538461536,
    "9": 331.88461538461536,
    "10": 290.09423076923076,
    "11": 290.09423076923076
}