{
    "0": 512.0,
    "1": 420.1884615384615,
    "2": 420.1884615384615,
    "3": 404.6,
    "4": 404.6,
    "5": 360.1173076923077,
    "6": 360.1173076923077,
    "7": 343.94615384615383,
    "8": 343.94615384615383,
    "9": 302.01153846153846,
    "10": 302.01153846153846,
    "11": 266.63653846153846
}