{
    "0": 510.37719298245617,
    "1": 510.37719298245617,
    "2": 509.233918128655,
    "3": 509.233918128655,
    "4": 418.2456140350877,
    "5": 418.2456140350877,
    "6": 417.8421052631579,
    "7": 417.8421052631579,
    "8": 343.67251461988303,
    "9": 343.67251461988303,
    "10": 339.14619883040933,
    "11": 339.14619883040933
}