{
    "0": 510.37719298245617,
    "1": 504.17251461988303,
    "2": 504.17251461988303,
    "3": 476.34502923976606,
    "4": 476.34502923976606,
    "5": 429.65497076023394,
    "6": 429.65497076023394,
    "7": 336.9502923976608,
    "8": 336.9502923976608,
    "9": 267.1198830409357,
    "10": 267.1198830409357,
    "11": 243.1169590643275
}