{
    "0": 510.37719298245617,
    "1": 504.44444444444446,
    "2": 477.40058479532166,
    "3": 439.8830409356725,
    "4": 334.8567251461988,
    "5": 301.69883040935673,
    "6": 262.9561403508772,
    "7": 231.60233918128654,
    "8": 165.7046783625731,
    "9": 144.59941520467837,
    "10": 113.46198830409357,
    "11": 110.58771929824562
}