{
    "0": 510.37719298245617,
    "1": 510.37719298245617,
    "2": 510.37719298245617,
    "3": 510.37719298245617,
    "4": 510.37719298245617,
    "5": 510.37719298245617,
    "6": 510.37719298245617,
    "7": 510.37719298245617,
    "8": 510.37719298245617,
    "9": 510.37719298245617,
    "10": 510.37719298245617,
    "11": 510.37719298245617
}